<?xml version="1.0" encoding="UTF-8"?>
<feature
        id="org.jkiss.dbeaver.runtime.feature"
        label="%featureName"
        version="21.3.2.202112271055"
        provider-name="%providerName"
        plugin="org.jkiss.dbeaver.model">

    <description>
        %description
    </description>

    <copyright>
        %copyright
    </copyright>

    <license url="%licenseURL">
        %license
    </license>

    <requires>
        <import plugin="org.eclipse.core.runtime"/>
        <import plugin="org.eclipse.core.resources"/>
        <import plugin="org.eclipse.core.expressions"/>
    </requires>

    <plugin id="org.jkiss.utils" download-size="111" install-size="219" version="2.1.155.202112271055" unpack="false"/>
    <plugin id="org.jkiss.dbeaver.slf4j" download-size="7" install-size="13" version="2.0.42.202112271055" unpack="false"/>
    <plugin id="org.jkiss.dbeaver.model" download-size="1909" install-size="4047" version="1.0.161.202112271055" unpack="false"/>
    <plugin id="org.jkiss.dbeaver.model.sql" download-size="284" install-size="588" version="1.0.62.202112271055" unpack="false"/>
    <plugin id="org.jkiss.dbeaver.registry" download-size="424" install-size="976" version="1.0.66.202112271055" unpack="false"/>
    <plugin id="org.jkiss.dbeaver.net.ssh" download-size="59" install-size="91" version="1.0.93.202112271055" unpack="false"/>
    <plugin id="org.jkiss.dbeaver.net.ssh.jsch" download-size="17" install-size="29" version="1.1.82.202112271055" unpack="false"/>
    <plugin id="org.jkiss.dbeaver.net.ssh.sshj" download-size="13" install-size="22" version="1.0.93.202112271055" unpack="false"/>
    <plugin id="org.jkiss.dbeaver.cmp.simple" download-size="24" install-size="44" version="6.0.68.202112271055" unpack="false"/>
    <plugin id="org.jkiss.dbeaver.data.transfer" download-size="327" install-size="834" version="2.0.56.202112271055" unpack="false"/>
    <plugin id="org.jkiss.dbeaver.tasks.native" download-size="35" install-size="69" version="1.0.50.202112271055" unpack="false"/>
    <plugin id="org.jkiss.dbeaver.erd.model" download-size="53" install-size="117" version="1.0.32.202112271055" unpack="false"/>

    <!-- GIS -->
    <plugin id="org.jkiss.dbeaver.data.gis" download-size="32" install-size="60" version="1.0.96.202112271055" unpack="false"/>
    <plugin id="org.jkiss.bundle.gis" download-size="1499" install-size="1648" version="2.0.5" unpack="false"/>

    <!-- Bouncycastle -->
    <plugin id="org.bouncycastle.bcpkix" download-size="858" install-size="1738" version="1.69.0.v20210713-1924" unpack="false"/>
    <plugin id="org.bouncycastle.bcprov" download-size="5590" install-size="10703" version="1.69.0.v20210713-1924" unpack="false"/>

    <!-- 3rd party -->
    <plugin id="com.github.jsqlparser" download-size="837" install-size="2147" version="4.2.0" unpack="false"/>
    <plugin id="org.apache.commons.jexl" download-size="388" install-size="840" version="3.1.0" unpack="false"/>
    <plugin id="com.google.gson" download-size="262" install-size="522" version="2.8.7.v20210624-1215"/>
    <plugin id="com.jcraft.jsch" download-size="297" install-size="539" version="0.1.55.v20190404-1902" unpack="false"/>
    <plugin id="org.apache.commons.logging" download-size="71" install-size="145" version="1.2.0.v20180409-1502" unpack="false"/>
    <plugin id="org.objectweb.asm" download-size="130" install-size="261" version="9.2.0.v20210813-1119" unpack="false"/>
    <plugin id="org.jkiss.bundle.sshj" download-size="574" install-size="656" version="0.27.4" unpack="false"/>

</feature>
