<?xml version="1.0" encoding="UTF-8"?>
<feature
        id="org.jkiss.dbeaver.standalone.feature"
        label="%featureName"
        version="21.3.2.202112271055"
        provider-name="%providerName"
        plugin="org.jkiss.dbeaver.ui.app.standalone">

    <description>
        %description
    </description>

    <copyright>
        %copyright
    </copyright>

    <license url="%licenseURL">
        %license
    </license>

    <url>
        <update label="DBeaver Universal Database Manager" url="https://dbeaver.io/"/>
    </url>

    <includes id="org.jkiss.dbeaver.rcp.feature" version="2.1.147.202112271055"/>

    <includes id="org.jkiss.dbeaver.runtime.feature" version="21.3.2.202112271055"/>
    <includes id="org.jkiss.dbeaver.ui.feature" version="21.3.2.202112271055"/>
    <includes id="org.jkiss.dbeaver.db.feature" version="1.0.63.202112271055"/>
    <includes id="org.jkiss.dbeaver.db.ui.feature" version="1.0.63.202112271055"/>

    <!-- Additional plugins for standalone version -->

    <plugin id="org.jkiss.dbeaver.ext.sample.database" download-size="419" install-size="1127" version="1.0.109.202112271055" unpack="false"/>
    <plugin id="org.jkiss.dbeaver.ext.ui.tipoftheday" download-size="24" install-size="46" version="1.0.78.202112271055" unpack="false"/>

    <!-- P2 for RCP -->
    <!-- Do not include p2.rcp as we don't need auto-update and scheduler -->
<!--    <includes id="org.eclipse.equinox.p2.rcp.feature" version="0.0.0"/>-->
<!--    <includes id="org.eclipse.equinox.p2.user.ui" version="0.0.0"/>-->

    <includes id="org.eclipse.equinox.p2.core.feature" version="1.6.1100.v20210830-0925"/>
    <plugin id="org.eclipse.equinox.p2.ui" download-size="615" install-size="1192" version="2.7.200.v20210615-1334" unpack="false"/>
    <plugin id="org.eclipse.equinox.p2.ui.sdk" download-size="52" install-size="94" version="1.2.1.v20210726-1519" unpack="false"/>
    <plugin id="org.eclipse.equinox.security.ui" download-size="167" install-size="318" version="1.3.0.v20210121-0947" unpack="false"/>

    <plugin id="org.eclipse.equinox.p2.updatesite" download-size="101" install-size="229" version="1.2.100.v20210813-0606" unpack="false"/>
    <plugin id="org.eclipse.equinox.p2.ui.importexport" download-size="129" install-size="242" version="1.3.200.v20210813-0818" unpack="false"/>

    <includes id="org.eclipse.equinox.p2.discovery.feature" version="1.2.1000.v20210813-0655"/>
    <includes id="org.eclipse.equinox.p2.extras.feature" version="1.4.1300.v20210830-0925"/>

    <plugin id="org.eclipse.ui.ide.application" download-size="110" install-size="214" version="1.4.100.v20210506-1050" unpack="false"/>

    <!-- Custom stuff -->
    <plugin id="org.apache.commons.cli" download-size="64" install-size="129" version="1.4.0.v20200417-1444" unpack="false"/>


</feature>
