<?xml version="1.0" encoding="UTF-8"?>
<feature
      id="org.jkiss.dbeaver.rcp.feature"
      label="%featureName"
      version="2.1.147.202112271055"
      provider-name="%providerName">

    <description>
      %description
    </description>

    <copyright>
      %copyright
    </copyright>

    <license url="%licenseURL">
      %license
    </license>

<!--
    <includes id="org.eclipse.rcp" version="0.0.0"/>

    <plugin id="com.ibm.icu.base" download-size="0" install-size="0" version="0.0.0" unpack="false"/>
    <plugin id="org.eclipse.draw2d" download-size="0" install-size="0" version="0.0.0" unpack="false"/>
    <plugin id="org.eclipse.gef" download-size="0" install-size="0" version="0.0.0" unpack="false"/>
-->

    <requires>
        <import plugin="org.eclipse.core.runtime" version="3.7" match="greaterOrEqual"/>
    </requires>

    <plugin id="com.ibm.icu.base" download-size="181" install-size="380" version="58.2.0.v20170418-1837" unpack="false"/>

    <plugin id="javax.annotation" download-size="46" install-size="115" version="1.3.5.v20200909-1856" unpack="false"/>
    <plugin id="javax.inject" download-size="14" install-size="24" version="1.0.0.v20091030" unpack="false"/>

    <plugin id="org.w3c.css.sac" download-size="35" install-size="61" version="1.3.1.v200903091627" unpack="false"/>

    <plugin id="org.apache.batik.css" download-size="353" install-size="712" version="1.14.0.v20210324-0332" unpack="false"/>
    <plugin id="org.apache.batik.util" download-size="144" install-size="283" version="1.14.0.v20210324-0332" unpack="false"/>

    <plugin id="org.apache.commons.io" download-size="302" install-size="604" version="2.8.0.v20210415-0900" unpack="false"/>

    <plugin id="org.eclipse.compare.core" download-size="66" install-size="127" version="3.6.1000.v20201020-1107" unpack="false"/>
    <plugin id="org.eclipse.core.commands" download-size="114" install-size="213" version="3.10.100.v20210722-1426" unpack="false"/>
    <plugin id="org.eclipse.core.contenttype" download-size="100" install-size="206" version="3.8.0.v20210621-0954" unpack="false"/>
    <plugin id="org.eclipse.core.databinding" download-size="180" install-size="420" version="1.10.100.v20200926-1123" unpack="false"/>
    <plugin id="org.eclipse.core.databinding.observable" download-size="311" install-size="716" version="1.11.0.v20210722-1426" unpack="false"/>
    <plugin id="org.eclipse.core.databinding.property" download-size="163" install-size="418" version="1.9.0.v20210619-1129" unpack="false"/>
    <plugin id="org.eclipse.core.expressions" download-size="92" install-size="178" version="3.8.0.v20210723-1034" unpack="false"/>
    <plugin id="org.eclipse.core.filesystem" download-size="68" install-size="128" version="1.9.100.v20210611-0919" unpack="false"/>
    <plugin id="org.eclipse.core.jobs" download-size="108" install-size="210" version="3.12.0.v20210723-1034" unpack="false"/>
    <plugin id="org.eclipse.core.resources" download-size="879" install-size="1916" version="3.15.100.v20210818-1523" unpack="false"/>
    <plugin id="org.eclipse.core.variables" download-size="35" install-size="64" version="3.5.100.v20210721-1355"/>
    <plugin id="org.eclipse.e4.core.commands" download-size="25" install-size="46" version="1.0.0.v20210507-1901" unpack="false"/>
    <plugin id="org.eclipse.e4.core.contexts" download-size="48" install-size="93" version="1.9.0.v20210723-1034" unpack="false"/>
    <plugin id="org.eclipse.e4.core.di" download-size="52" install-size="107" version="1.8.0.v20210723-1034" unpack="false"/>
    <plugin id="org.eclipse.e4.core.di.extensions" download-size="11" install-size="14" version="0.17.0.v20210625-1052" unpack="false"/>
    <plugin id="org.eclipse.e4.core.services" download-size="69" install-size="124" version="2.3.0.v20210723-1034" unpack="false"/>
    <plugin id="org.eclipse.e4.ui.bindings" download-size="45" install-size="92" version="0.13.100.v20210722-1426" unpack="false"/>
    <plugin id="org.eclipse.e4.ui.css.core" download-size="213" install-size="430" version="0.13.100.v20210722-1426" unpack="false"/>
    <plugin id="org.eclipse.e4.ui.css.swt" download-size="203" install-size="415" version="0.14.300.v20210723-0837" unpack="false"/>
    <plugin id="org.eclipse.e4.ui.css.swt.theme" download-size="27" install-size="50" version="0.13.0.v20201026-1147" unpack="false"/>
    <plugin id="org.eclipse.e4.ui.di" download-size="16" install-size="24" version="1.4.0.v20210621-1133" unpack="false"/>
    <plugin id="org.eclipse.e4.ui.model.workbench" download-size="394" install-size="1181" version="2.2.0.v20210727-1533" unpack="false"/>
    <plugin id="org.eclipse.e4.ui.services" download-size="24" install-size="38" version="1.5.0.v20210115-1333" unpack="false"/>
    <plugin id="org.eclipse.e4.ui.widgets" download-size="13" install-size="21" version="1.3.0.v20210621-1136" unpack="false"/>
    <plugin id="org.eclipse.e4.ui.workbench" download-size="255" install-size="546" version="1.13.0.v20210521-0741" unpack="false"/>

    <plugin id="org.eclipse.e4.ui.workbench.renderers.swt" download-size="251" install-size="553" version="0.15.200.v20210816-1658" unpack="false"/>
    <plugin id="org.eclipse.e4.ui.workbench.renderers.swt.cocoa" os="macosx" ws="cocoa" download-size="29" install-size="53" version="0.12.600.v20200416-0656" fragment="true" unpack="false"/>

    <plugin id="org.eclipse.e4.ui.workbench3" download-size="21" install-size="33" version="0.16.0.v20210619-0956" unpack="false"/>
    <plugin id="org.eclipse.e4.ui.workbench.swt" download-size="147" install-size="288" version="0.16.200.v20210723-1326" unpack="false"/>
    <plugin id="org.eclipse.e4.ui.workbench.addons.swt" download-size="118" install-size="247" version="1.4.300.v20210813-1521" unpack="false"/>

    <plugin id="org.eclipse.emf.common" download-size="367" install-size="766" version="2.23.0.v20210618-0700" unpack="false"/>
    <plugin id="org.eclipse.emf.ecore" download-size="1290" install-size="3184" version="2.25.0.v20210816-0937" unpack="false"/>
    <plugin id="org.eclipse.emf.ecore.change" download-size="100" install-size="218" version="2.14.0.v20190528-0725" unpack="false"/>
    <plugin id="org.eclipse.emf.ecore.xmi" download-size="229" install-size="488" version="2.16.0.v20190528-0725" unpack="false"/>
    <plugin id="org.apache.felix.scr" download-size="411" install-size="960" version="2.1.24.v20200924-1939" unpack="false"/>
    <plugin id="org.eclipse.equinox.app" download-size="89" install-size="176" version="1.6.0.v20210723-1130" unpack="false"/>
    <plugin id="org.eclipse.equinox.bidi" download-size="50" install-size="93" version="1.4.0.v20210723-1312" unpack="false"/>
    <plugin id="org.eclipse.equinox.common" download-size="139" install-size="269" version="3.15.0.v20210518-0604" unpack="false"/>
    <plugin id="org.eclipse.equinox.event" download-size="32" install-size="58" version="1.6.0.v20210212-1143" unpack="false"/>
    <plugin id="org.eclipse.equinox.launcher" download-size="53" install-size="94" version="1.6.300.v20210813-1054" unpack="false"/>
    <plugin id="org.eclipse.equinox.preferences" download-size="136" install-size="274" version="3.9.0.v20210726-0943" unpack="false"/>
    <plugin id="org.eclipse.equinox.registry" download-size="194" install-size="400" version="3.11.0.v20210723-1953" unpack="false"/>
    <plugin id="org.eclipse.equinox.simpleconfigurator" download-size="45" install-size="85" version="1.4.0.v20210315-2228" unpack="false"/>
<!--    Was removed in 2019-12? -->
<!--    <plugin id="org.eclipse.equinox.util" download-size="0" install-size="0" version="0.0.0" unpack="false"/>-->
    <plugin id="org.eclipse.help" download-size="270" install-size="683" version="3.9.100.v20210721-0601" unpack="false"/>
    <plugin id="org.eclipse.jface" download-size="1128" install-size="2225" version="3.23.0.v20210723-1324" unpack="false"/>
    <plugin id="org.eclipse.jface.databinding" download-size="295" install-size="666" version="1.13.0.v20210619-1146" unpack="false"/>
    <plugin id="org.eclipse.jface.notifications" download-size="25" install-size="42" version="0.3.0.v20210218-1820" unpack="false"/>
    <plugin id="org.eclipse.jface.text" download-size="1043" install-size="2138" version="3.18.100.v20210820-1651" unpack="false"/>

    <plugin id="org.eclipse.osgi" download-size="1427" install-size="3051" version="3.17.0.v20210823-1805" unpack="false"/>
    <plugin id="org.eclipse.osgi.services" download-size="126" install-size="201" version="3.10.200.v20210723-0643" unpack="false"/>
    <plugin id="org.eclipse.osgi.compatibility.state" download-size="249" install-size="596" version="1.2.500.v20210730-0750" unpack="false"/>
    <plugin id="org.eclipse.osgi.util" download-size="72" install-size="148" version="3.6.100.v20210723-1119" unpack="false"/>

    <plugin id="org.eclipse.swt" download-size="16" install-size="33" version="3.117.0.v20210906-0842" unpack="false"/>

    <plugin id="org.eclipse.text" download-size="288" install-size="577" version="3.12.0.v20210512-1644" unpack="false"/>
    <plugin id="org.eclipse.ui" download-size="432" install-size="544" version="3.119.100.v20210830-0942" unpack="false"/>
    <plugin id="org.eclipse.ui.forms" download-size="330" install-size="642" version="3.11.200.v20210622-0925" unpack="false"/>
    <plugin id="org.eclipse.ui.views" download-size="105" install-size="187" version="3.11.100.v20210816-0811" unpack="false"/>
    <plugin id="org.eclipse.ui.views.log" download-size="171" install-size="286" version="1.3.0.v20210619-1213" unpack="false"/>
    <plugin id="org.eclipse.ui.workbench" download-size="3554" install-size="7446" version="3.123.0.v20210817-0704" unpack="false"/>
    <plugin id="org.eclipse.ui.workbench.texteditor" download-size="668" install-size="1379" version="3.16.200.v20210724-2153" unpack="false"/>

    <plugin id="org.eclipse.ui.intro" download-size="344" install-size="662" version="3.6.300.v20210721-0921" unpack="false"/>
    <plugin id="org.eclipse.ui.themes" download-size="37" install-size="99" version="1.2.1500.v20210607-1102"/>

    <plugin id="org.eclipse.update.configurator" download-size="94" install-size="189" version="3.4.800.v20210415-1314"/>

    <!-- Network -->
    <plugin id="org.eclipse.ui.net" download-size="45" install-size="84" version="1.4.0.v20210426-0838"/>
    <plugin id="org.eclipse.jsch.core" download-size="40" install-size="75" version="1.3.900.v20200422-1935"/>
    <plugin id="org.eclipse.jsch.ui" download-size="91" install-size="180" version="1.4.0.v20210426-0843"/>

    <!-- Quick search. Includes minimized ant bundle. -->

<!--    <plugin id="org.apache.ant" download-size="0" install-size="0" version="0.0.0"/>-->
    <plugin id="org.eclipse.text.quicksearch" download-size="94" install-size="184" version="1.1.200.v20210616-1255"/>

    <!-- GEF -->

    <!-- IDE plugin -->

    <plugin id="org.eclipse.ui.ide" download-size="2466" install-size="4781" version="3.18.300.v20210817-1731" unpack="false"/>
    <plugin id="org.eclipse.ui.editors" download-size="618" install-size="1343" version="3.14.200.v20210622-1002"/>

    <!-- Eclipse Mars additions -->

    <plugin id="org.eclipse.e4.core.di.annotations" download-size="11" install-size="15" version="1.7.0.v20210625-1052" unpack="false"/>
    <plugin id="org.eclipse.e4.emf.xpath" download-size="51" install-size="98" version="0.3.0.v20210722-1426" unpack="false"/>
    <plugin id="org.apache.commons.jxpath" download-size="317" install-size="658" version="1.3.0.v200911051830" unpack="false"/>

    <!-- OS dependent -->

    <plugin id="org.eclipse.core.resources.win32.x86_64" os="win32" arch="x86_64" download-size="57" install-size="109" version="3.5.400.v20190812-0909" fragment="true" unpack="false"/>
    <plugin id="org.eclipse.core.filesystem.win32.x86_64" os="win32" arch="x86_64" download-size="37" install-size="73" version="1.4.200.v20190812-0909" fragment="true" unpack="false"/>
    <plugin id="org.eclipse.swt.win32.win32.x86_64" os="win32" ws="win32" arch="x86_64" download-size="2508" install-size="5179" version="3.117.0.v20210906-0842" fragment="true" unpack="false"/>
    <plugin id="org.eclipse.e4.ui.swt.win32" ws="win32" download-size="10" install-size="14" version="1.1.0.v20201119-1132" unpack="false"/>
    <plugin id="org.eclipse.ui.win32" os="win32" download-size="22" install-size="41" version="3.4.400.v20200414-1247" fragment="true" unpack="false"/>

    <plugin id="org.eclipse.core.filesystem.linux.x86_64" os="linux" arch="x86_64" download-size="11" install-size="21" version="1.2.300.v20180828-0158" fragment="true" unpack="false"/>
    <plugin id="org.eclipse.swt.gtk.linux.x86_64" os="linux" ws="gtk" arch="x86_64" download-size="2118" install-size="4776" version="3.117.0.v20210906-0842" fragment="true" unpack="false"/>
    <plugin id="org.eclipse.e4.ui.swt.gtk" ws="gtk" download-size="10" install-size="14" version="1.1.100.v20210108-1832" unpack="false"/>

    <plugin id="org.eclipse.core.filesystem.macosx" os="macosx" download-size="25" install-size="160" version="1.3.300.v20210427-1937" fragment="true" unpack="false"/>
    <plugin id="org.eclipse.swt.cocoa.macosx.x86_64" os="macosx" ws="cocoa" arch="x86_64" download-size="2182" install-size="5059" version="3.117.0.v20210906-0842" fragment="true" unpack="false"/>
    <plugin id="org.eclipse.swt.cocoa.macosx.aarch64" os="macosx" ws="cocoa" arch="aarch64" download-size="2175" install-size="5054" version="3.117.0.v20210906-0842" fragment="true" unpack="false"/>
    <plugin id="org.eclipse.ui.cocoa" os="macosx" ws="cocoa" download-size="9" install-size="13" version="1.2.400.v20191217-1850" fragment="true" unpack="false"/>

    <!-- JNA explicit version deps -->
<!--
    <plugin id="com.sun.jna" download-size="0" install-size="0" version="5.8.0.v20210503-0343" unpack="false"/>
    <plugin id="com.sun.jna.platform" download-size="0" install-size="0" version="5.8.0.v20210406-1004" unpack="false"/>
-->

</feature>
