<?xml version="1.0" encoding="UTF-8"?>
<feature
      id="org.jkiss.dbeaver.ui.feature"
      label="%featureName"
      version="21.3.2.202112271055"
      provider-name="%providerName">

   <description>
      %description
   </description>

   <copyright>
      %copyright
   </copyright>

   <includes
         id="org.jkiss.dbeaver.runtime.feature"
         version="21.3.2.202112271055"/>

   <requires>
      <import plugin="org.eclipse.core.expressions" version="0.0.0" match="greaterOrEqual"/>
      <import plugin="org.eclipse.ui" version="0.0.0" match="greaterOrEqual"/>
      <import plugin="org.eclipse.ui.workbench" version="0.0.0" match="greaterOrEqual"/>
      <import plugin="org.eclipse.ui.workbench.texteditor" version="0.0.0" match="greaterOrEqual"/>
      <import plugin="org.eclipse.swt" version="0.0.0" match="greaterOrEqual"/>
      <import plugin="org.eclipse.jface" version="0.0.0" match="greaterOrEqual"/>
      <import plugin="org.eclipse.jface.text" version="0.0.0" match="greaterOrEqual"/>
      <import plugin="org.eclipse.ui.views" version="0.0.0" match="greaterOrEqual"/>
      <import plugin="org.eclipse.search" version="0.0.0" match="greaterOrEqual"/>
   </requires>

   <plugin
         id="org.jkiss.dbeaver.core"
         download-size="621"
         install-size="1633"
         version="21.3.2.202112271055"
         unpack="false"/>

   <plugin
         id="org.jkiss.dbeaver.net.ssh.ui"
         download-size="30"
         install-size="61"
         version="1.0.93.202112271055"
         unpack="false"/>

   <plugin
         id="org.jkiss.dbeaver.ui"
         download-size="1055"
         install-size="1728"
         version="5.1.87.202112271055"
         unpack="false"/>

   <plugin
         id="org.jkiss.dbeaver.ui.editors.acl"
         download-size="28"
         install-size="54"
         version="1.0.68.202112271055"
         unpack="false"/>

   <plugin
         id="org.jkiss.dbeaver.ui.editors.base"
         download-size="251"
         install-size="531"
         version="1.0.72.202112271055"
         unpack="false"/>

   <plugin
         id="org.jkiss.dbeaver.ui.editors.connection"
         download-size="279"
         install-size="658"
         version="1.0.63.202112271055"
         unpack="false"/>

   <plugin
         id="org.jkiss.dbeaver.ui.editors.data"
         download-size="1262"
         install-size="3010"
         version="1.0.72.202112271055"
         unpack="false"/>

   <plugin
         id="org.jkiss.dbeaver.ui.editors.entity"
         download-size="5"
         install-size="6"
         version="1.0.72.202112271055"
         unpack="false"/>

   <plugin
         id="org.jkiss.dbeaver.ui.editors.hex"
         download-size="160"
         install-size="308"
         version="1.0.72.202112271055"
         unpack="false"/>

   <plugin
         id="org.jkiss.dbeaver.ui.editors.image"
         download-size="36"
         install-size="61"
         version="1.0.72.202112271055"
         unpack="false"/>

   <plugin
         id="org.jkiss.dbeaver.ui.editors.json"
         download-size="20"
         install-size="32"
         version="1.0.56.202112271055"
         unpack="false"/>

   <plugin
         id="org.jkiss.dbeaver.ui.editors.sql"
         download-size="830"
         install-size="2031"
         version="1.0.72.202112271055"
         unpack="false"/>

   <plugin
         id="org.jkiss.dbeaver.ui.editors.session"
         download-size="43"
         install-size="91"
         version="1.0.50.202112271055"
         unpack="false"/>

   <plugin
         id="org.jkiss.dbeaver.ui.editors.xml"
         download-size="27"
         install-size="48"
         version="1.0.72.202112271055"
         unpack="false"/>

   <plugin
         id="org.jkiss.dbeaver.ui.navigator"
         download-size="718"
         install-size="1709"
         version="1.0.72.202112271055"
         unpack="false"/>

   <plugin
         id="org.jkiss.dbeaver.ui.search"
         download-size="86"
         install-size="171"
         version="1.0.63.202112271055"
         unpack="false"/>

   <plugin
          id="org.eclipse.draw2dl"
          download-size="593"
          install-size="1108"
          version="3.12.100.20211006155649"
          unpack="false"/>

   <plugin
          id="org.eclipse.gef3"
          download-size="940"
          install-size="1636"
          version="3.12.100.20211006155649"
          unpack="false"/>

   <plugin
         id="org.jkiss.dbeaver.erd.ui"
         download-size="362"
         install-size="780"
         version="3.0.32.202112271055"
         unpack="false"/>

   <plugin
         id="org.jkiss.dbeaver.data.transfer.ui"
         download-size="297"
         install-size="694"
         version="1.0.56.202112271055"
         unpack="false"/>

   <plugin
         id="org.jkiss.dbeaver.data.gis.view"
         download-size="219"
         install-size="625"
         version="1.0.67.202112271055"
         unpack="false"/>

   <plugin
         id="org.jkiss.bundle.jfreechart"
         download-size="1852"
         install-size="2027"
         version="1.0.22"
         unpack="false"/>

   <plugin
         id="org.jkiss.dbeaver.ui.charts"
         download-size="22"
         install-size="38"
         version="1.0.69.202112271055"
         unpack="false"/>

</feature>
